{"cameraMode":{"drawMode":0,"name":"Shaded","section":"Shading Mode"},"sceneLighting":true,"audioPlay":false,"sceneViewState":{"showFog":true,"showMaterialUpdate":false,"showSkybox":true,"showFlares":true,"showImageEffects":true,"showParticleSystems":true},"in2DMode":false,"pivot":{"x":3.3686275482177736,"y":-0.9811561107635498,"z":2.9157795906066896},"rotation":{"x":0.047130271792411807,"y":0.8189569711685181,"z":-0.06797555088996887,"w":0.5678872466087341},"size":8.025306701660157,"orthographic":false}